Mean,Median,Standard Deviation,Minimum,Maximum,10th Percentile,90th Percentile,AR(1)
0.0005800769230028,0.00052999999024905,0.00012653430069616144,0.0003879999858327,0.0008779999916441,0.00043910000531462,0.0007833000097888699,0.9178349852536171
1.57664159424603,0.6830880045890808,1.5418775655720776,0.2240380048751831,7.477116107940674,0.31139498949050903,4.012230491638184,0.9927684192192877
158.5621681703536,92.62104797363281,122.99842004018186,0.5165709853172302,632.2664794921875,58.37479858398437,366.575814819336,0.9927033429681051
0.46882685403591207,0.2750169932842254,0.5676560015160151,0.0239610001444816,2.9682390689849854,0.04266579896211621,1.3080544829368592,0.9969390501341735
0.14510609035003225,0.0682030022144317,0.14541376894085492,0.0101450001820921,1.5159499645233154,0.0209199991077184,0.3409110009670257,0.9895858912329598
0.19540302534087817,0.07530049979686734,0.2940318734113021,0.0110849998891353,2.225526094436645,0.01417410010471935,0.4473703086376189,0.9907732110044184
1.6465670234883785,1.0105194449424744,1.5958097541666996,0.1812810003757476,7.409512042999268,0.25653301179409027,3.8086929321289062,0.9948043273865098
0.09971260419760891,0.0661669969558715,0.10268543244116562,0.0113599998876452,0.4458639919757843,0.01324559971690172,0.28975079655647273,0.9914974102105575
0.5393721944039771,0.3134509921073913,0.49414637334115286,0.0885410010814666,3.2014119625091557,0.136148002743721,1.3573266029357909,0.9926317540149717
0.3727576141671171,0.1800670027732849,0.6000669245934867,0.0500140003859996,3.81325101852417,0.06601399779319761,0.9428323984146116,0.9956521195746474
0.0356707076794099,0.02413399983197445,0.03907260708900887,0.0009289999725297,0.1943089962005615,0.0021479000570252503,0.09682149887084956,0.9942978689856231
3.066153990922028,2.8087785243988037,2.310689781197786,0.2971799969673157,13.505027770996094,0.5979221820831299,5.829984521865845,0.9911282645075074
4.273752416452665,3.948837041854858,3.2962559132190323,1.0249899625778198,23.61934471130371,1.3783632278442384,7.258562278747557,0.9882424239399498
2.928550563721161,1.945901036262512,1.8800834989570314,0.8643140196800232,9.420702934265137,1.1075177907943725,5.486438465118408,0.9872179255122205
8.176778020033654,7.630500793457031,3.001711116505639,3.212038040161133,18.32257652282715,4.7849043846130375,12.34470901489258,0.9839808724728903
15.67928714346434,9.387506008148193,16.196632392057495,0.5431709885597229,86.2794418334961,2.578615379333496,40.95488510131837,0.992967727835793
1.2421674571539227,1.155636966228485,0.3497910138159023,0.7610599994659424,2.26501989364624,0.8704770088195801,1.8353897809982305,0.9847472376284606
0.510364964470133,0.46340198814868927,0.21030525415645965,0.2905470132827759,1.641037940979004,0.3561087042093277,0.6464586138725281,0.9807865769896231
0.07549168343925132,0.0552700012922287,0.048706047803510025,0.0343369990587234,0.308322012424469,0.0383649989962577,0.1586409956216812,0.990302405389725
11.509806696876522,9.24217939376831,9.07448890029488,1.6492029428482056,44.54278945922852,3.081067442893982,26.908825874328613,0.9933900293814035
0.7201716728867904,0.2933680117130279,0.7850005725066892,0.0823260024189949,4.044723033905029,0.15082320272922511,2.115990591049194,0.9914498016208365
30.721493724804773,18.336188316345215,27.651867408697516,2.906161069869995,134.53103637695312,9.086338996887209,77.84197235107422,0.9948298876466317
0.6146329641917497,0.5448714792728424,0.2575728565557267,0.3141340017318725,1.4866310358047483,0.3453342109918594,0.9827367961406708,0.9917976099762918
24.825938907218905,8.302953720092773,34.7543154392301,0.1351040005683899,160.35926818847656,2.5427041053771973,72.54862213134766,0.9968854227696835
1.1618060564275177,1.0601900219917297,0.38007915286558525,0.6239190101623535,3.0683319568634038,0.8013185143470765,1.5601041197776795,0.9818731986762369
14.43326343276671,9.782204627990723,13.320906960372755,2.948432922363281,71.7515640258789,3.947982931137085,29.048330879211427,0.9934652592769782
4.011901657899906,1.826173484325409,4.207131450011603,0.21840600669384,21.105472564697266,0.3739030003547668,9.519674968719483,0.993534007064434
0.37363456090593417,0.25388848781585693,0.2825523905903489,0.1055390015244484,1.7662999629974363,0.17057859301567072,0.7799194991588593,0.9924976614862407
425.50323568852855,281.4847106933594,419.53762548350403,77.36577606201172,3923.070068359375,118.8940399169922,853.8892456054689,0.9898592151734776
0.06668878636917729,0.0632629990577697,0.023471292484777764,0.0243309997022151,0.1597560048103332,0.04046939983963962,0.09729180037975303,0.9730261043262146
0.016850854747087435,0.017821500077843597,0.007893038668126334,0.0044490001164376,0.0363209992647171,0.0057383000850677,0.028420799598097717,0.9884346836216337
0.28376111119859293,0.1907910034060478,0.19347158093477548,0.0604939982295036,1.062976956367493,0.06856670081615442,0.5176208972930908,0.997955250509903
0.45520958976726733,0.4774320125579834,0.2036638845882687,0.157377004623413,1.238559007644653,0.18477220535278313,0.6949295878410339,0.9807853611522988
170.26593818336232,38.50860023498535,173.49808783932824,1.5103600025177002,675.68408203125,9.755842113494873,404.2495269775391,0.9977435600776278
3.2635294177025038e-06,9.999999974752427e-07,5.4201938855294896e-06,0.0,2.4000000848900527e-05,0.0,1.2600000081874918e-05,0.9889297840588899
0.19072963953018185,0.1883530020713806,0.01813323269918477,0.1594939976930618,0.2582930028438568,0.16796139776706692,0.21219680011272427,0.862027055999624
116.51487600772603,95.4589614868164,72.72564968566854,24.11706924438477,441.3943481445313,37.269875335693364,203.97057495117187,0.9861853614457254
15106.79795668941,8441.490234375,16554.447204617216,178.10299682617188,67566.828125,338.1520080566406,42520.40234375,0.9988632557186166
27191.66416692845,26079.98046875,15670.634011577313,4936.75537109375,67502.421875,8803.4833984375,49164.51171875,0.9971459881168246
34.897552034732676,17.49161434173584,51.53000525217402,4.927590847015381,453.4549865722656,8.576672554016113,68.44109497070312,0.984191538359326
0.0010909584679306957,0.00042500000563445,0.0015576922212935907,0.0,0.0106769995763897,9.999999974752427e-07,0.0033370000310242,0.9937730434253843
0.9265446769519149,0.3204010128974914,1.1489605446545437,0.1270650029182434,5.264404773712158,0.14757019579410552,3.028301715850831,0.9945634891114263
7.201015503994923,3.961325883865357,7.5339003935502475,0.2227720022201538,42.58777618408203,1.1162834167480469,18.863943099975586,0.993927989945347
1814.4916961283623,1785.0230712890625,441.11118458393685,1053.9656982421875,3434.73681640625,1241.4992919921874,2425.10703125,0.9930123865597318
2.072821901254924,1.5739649534225464,1.693045519875893,0.3932589888572693,7.638002872467041,0.4935241937637329,4.83799753189087,0.9913273915133347
0.5380275887369114,0.32913950085639954,0.428744369395193,0.1435630023479461,2.124398946762085,0.21556319594383233,1.1591891169548039,0.9938600975861139
0.2290533806175686,0.18068350106477735,0.2238878423714188,0.021976999938488,1.5480819940567017,0.042606399580836285,0.3785788953304291,0.9902446794377197
12.333077284883945,12.136923789978027,3.4336946161540105,4.313484191894531,19.61771583557129,8.840787410736084,16.705025672912598,0.9948083013212011
0.1840314943065666,0.1289049983024597,0.20163146658992212,0.0105969998985528,1.4074629545211792,0.021747199445962862,0.41914400458335876,0.9927338533753891
0.13137978162557426,0.0969839990139007,0.13616086993915608,0.00412999978289,0.7739160060882568,0.0084580002352595,0.3171366095542907,0.9906870917081078
0.008080431491806673,0.0047360002063214,0.006868000416395836,0.0020880000665783,0.0417580008506774,0.00282820009160783,0.01902850084006781,0.9900922922414612
163.27024731752522,97.3914566040039,159.04923899726606,26.221790313720703,854.4813842773438,39.55467224121094,422.5387268066406,0.9940616952711047
0.9972477020381333,0.7449160218238831,0.7491113492609571,0.3607980012893677,4.484283924102783,0.41660280227661134,2.0550227165222172,0.989639680231946
0.12252546004746429,0.07100300118327135,0.13147323983109732,0.0071390001103281,0.6499980092048645,0.018479300476610602,0.3398785054683685,0.9925374558003306
0.12654942101735292,0.08001399785280225,0.1268620284392316,0.0121330004185438,0.900518000125885,0.03653200082480905,0.24308139532804487,0.9956367464369059
1.605832560248644,1.0454059839248655,1.256071473442105,0.3384830057621002,11.611473083496094,0.5125540018081666,3.3051089763641355,0.9837313646680788
0.0719361575593745,0.04073550179600715,0.07644029348320362,0.0241790004074573,0.7934899926185608,0.02966530043631785,0.12834530621767043,0.9873888642248212
0.2686977741595988,0.15903200209140775,0.2516908897978469,0.0276469998061656,1.7204079627990725,0.04266499914228915,0.6793400049209595,0.9859245340066071
9.727829188812436,5.195444583892822,10.114007156173201,2.03118896484375,50.01968765258789,2.98290753364563,26.881643295288086,0.9920157627648728
1.001992336865646,1.0001649856567385,0.006583061463836214,0.9648450016975404,1.0929510593414309,0.9992518186569214,1.0080868005752563,0.532609455671614
148.9205685656139,89.1570053100586,181.77984496137913,24.72945022583008,1550.8499755859375,33.44704666137695,301.47399902343767,0.9944036475427447
47.127696826497335,25.325488090515137,45.35060388285514,9.287368774414062,246.9046936035156,14.130241775512696,116.99711227416995,0.9961214916121548
34.51885055795146,11.889241218566896,37.50943215953493,5.499928951263428,192.0503387451172,7.927445697784424,99.82203826904296,0.9935240050036923
0.06357179759316049,0.009344500023871601,0.08914273006682184,0.0010379999876022,0.684777021408081,0.0022919999901205,0.18508149981498714,0.9924045521405646
13.896527702528651,7.20316219329834,11.88558949327612,2.875027894973755,53.88173294067383,4.469498634338379,34.304945373535155,0.9947567033972325
89.98725580419385,54.407325744628906,80.63478167350041,6.942005157470703,490.3490905761719,24.29944362640381,200.65088806152346,0.9952329041683204
0.3278360649251041,0.2240220010280609,0.3282741843661534,0.0447059981524944,2.439949989318848,0.08377310037612909,0.66237570643425,0.9903384270938008
0.5381572139008435,0.22233650088310236,0.7453132787266684,0.0182450003921985,4.685819149017334,0.05133259855210778,1.6747547507286076,0.9952483565437369
15.579073002165478,13.312169075012209,10.311711707840283,6.737092018127441,75.90694427490234,8.044118881225586,22.595827102661133,0.9843802688762975
3.6133178544500204,2.819111943244934,2.9683637765921995,0.5345720052719116,21.542600631713867,0.7816320896148682,7.053066921234134,0.9902066719326682
0.05168018753397822,0.0182910002768039,0.1421519206523666,9.999999747378752e-06,1.7068899869918823,0.0014922000002115408,0.06590720266103746,0.9383489436656125
19.764494281556686,16.164999961853027,16.384731683946917,3.4723870754241943,134.10179138183594,4.973495244979858,41.98856391906738,0.9913375320704294
1270.5765253360328,1098.0902099609375,1122.8904275038271,84.30829620361328,4812.08740234375,162.1662826538086,2945.837841796875,0.9978059572169876
2.9397124118804934,2.940685987472534,0.3402414889394862,2.218806028366089,3.989917993545532,2.4806473731994627,3.391068458557129,0.8813600111073191
6.429833806880958,2.958664894104004,13.12420279809422,1.1953779458999634,99.7383041381836,1.3798665761947633,7.875458145141601,0.9933259595621237
1.00016190543353,0.999920517206192,0.0012206392003066757,0.9975289702415466,1.004863977432251,0.9990397930145264,1.0017470836639406,0.6783527548898186
0.2512510402292511,0.19686650484800333,0.22978445788711402,0.0098460000008344,1.1442240476608276,0.03915409967303269,0.6166007161140442,0.9944266517242989
18.714647131201662,5.9057416915893555,28.23080343098673,2.4017539024353027,191.35655212402344,3.381329870223999,54.20393409729004,0.9951573296914442
3.5292581063122924e-05,2.5999999706982635e-05,4.4187363239433035e-05,0.0,0.0003119999892078,7.000000096013537e-06,6.500000017695129e-05,0.9878304786802287
7.13397015336349,1.7707120180130005,9.281424572457176,0.3991200029850006,39.03781509399414,0.5609628081321717,22.118296813964843,0.9957575257424096
0.02269462805133362,0.017669999971985748,0.01101193843606867,0.0083290003240108,0.0522070005536079,0.010895600169897051,0.039947500824928275,0.9932056216724137
0.3962334151890253,0.14596899598836893,0.5153751531824601,0.0183199997991323,3.1219849586486816,0.028966000303626,1.007052481174469,0.993471155619243
0.9992196290192414,0.999059498310089,0.004770933041901665,0.9642030000686646,1.0681970119476318,0.9947572231292725,1.0037272930145265,0.17326003113935723
0.3854458134508494,0.2116030007600784,0.6119129336265723,0.0022879999596625,3.3008229732513428,0.00659480001777408,1.2601432085037232,0.9955319060122166
1.0225564268703509,1.05103200674057,0.31294849983846645,0.3881100118160248,1.7328540086746216,0.6230637192726135,1.4774276852607726,0.9979102353334113
16.404178444774864,3.5090420246124268,19.286902961922618,0.8117139935493469,79.8713150024414,1.2074997901916504,46.97783660888671,0.9974241689252411
9.425250169732616,6.701935052871704,7.175019135419195,1.5314699411392212,41.091041564941406,4.305526924133301,20.283852386474607,0.9878397556612438
2.0683357481862985,1.7351700067520142,1.185279341094089,0.9578310251235962,13.090858459472656,1.1554096221923829,3.1088019847869877,0.9759422354186418
0.07136186041001193,0.02951700054109095,0.1112707031890393,0.0002050000039162,0.7120890021324158,0.008099800068885001,0.21694699525833125,0.9928664982297281
6.6024399433417695,2.896017551422119,9.144544433662878,0.7566810250282288,86.0602035522461,1.4187651276588442,15.354807376861586,0.9897413262233297
0.23718178661282838,0.2114539965987205,0.17708132887362624,0.0254439990967512,1.088420033454895,0.05140840113162988,0.4936248123645783,0.9915470464962618
1.0391356630159834,0.40793049335479736,1.7433791554083609,0.1615000069141388,13.445150375366213,0.22089220285415648,2.8576789617538454,0.9909936652291607
0.5799089469946921,0.3701144903898239,0.6276774373681006,0.1174009963870048,3.833883047103882,0.16982339918613432,1.011532235145569,0.9903446768649438
42.7133132845263,41.568695068359375,15.633170737715599,11.348953247070312,89.17626953125,22.150578689575195,64.58923187255859,0.9863297367724567
119.66757806335502,101.49309158325195,112.4046043139829,8.795160293579102,580.76318359375,14.103060817718506,293.8076995849609,0.9958759819443538
0.433506668105581,0.1631039977073669,0.48328885238659475,0.0538740009069442,2.346524953842163,0.08563439697027202,1.0294895887374882,0.9935188682213991
3.2875048449601127,3.935797929763794,2.2026426057237347,0.3208900094032287,11.307190895080566,0.4498404026031494,6.246397781372071,0.9964760605401762
0.11121095264416471,0.0610899999737739,0.10553839317329466,0.010080000385642,0.5059229731559753,0.032515400648117,0.2902253925800324,0.9948401202949557
0.060289117376449895,0.0180325005203485,0.09068805120166215,1.4999999621068127e-05,0.4867410063743591,0.00283809995744372,0.18298249840736386,0.9959474563494081
9.048011937562157,4.19412899017334,10.296028640114157,0.272145003080368,52.71104049682617,1.285547173023224,23.99510078430176,0.9960015419063994
0.0028448205401105805,0.0014749999972991,0.003625262207671556,0.0002870000025723,0.0284809991717338,0.0005574999959207501,0.008028499782085401,0.9933398830658935
20.57825060747564,6.737334966659546,34.07969771875337,2.9009060859680176,428.3623046875,3.892483711242676,48.91735992431641,0.9882421896228675
0.8860786855156063,0.3544744998216629,1.3136578565826385,0.1097410023212432,12.188400268554688,0.17668200284242622,2.156170153617859,0.9909747964400906
0.3416137611031879,0.2811389863491058,0.15531336751605582,0.1716350018978119,0.934486985206604,0.19523960351943964,0.5948797941207886,0.9843223016003889
251.1631711443564,80.33719635009766,330.3805204606661,31.28480339050293,1844.229248046875,41.58798942565918,673.0439270019532,0.9969409867898534
1.5028741117478548,0.9405779838562012,1.414133763393063,0.3818989992141723,8.96674919128418,0.5376260221004486,3.1969092369079593,0.990965980287069
8.653986060862639,6.886137962341309,8.478766606411234,0.681132972240448,43.29193878173828,1.4664200305938722,16.707264328002942,0.9953399193942669
0.2257027746431085,0.2425210028886795,0.055077468716507275,0.1390430033206939,0.3303659856319427,0.1516200006008148,0.2914009988307953,0.9726812263702773
0.027813505004779467,0.0192189998924732,0.030686856950324685,0.0016329999780282,0.2357199937105178,0.0044366000220179,0.06880999803543088,0.9883727688139984
0.1961130600440627,0.009188500232994501,0.5399864847331889,0.0028039999306201,4.292756080627441,0.00375299993902439,0.8272797167301158,0.9858466772739559
0.04110748202127839,0.03020699974149465,0.026941552950392324,0.0050470000132918,0.1778659969568252,0.02044909950345751,0.07597200050950043,0.9898493510847167
2.242981235665011,2.1596031188964844,0.4334824435280084,1.5493630170822144,3.520627021789551,1.802603793144226,2.8314207553863526,0.866674316109338
0.03575550248594478,0.0170450005680322,0.043729391502041366,0.0001840000040829,0.1836709976196289,0.0006799999973736,0.11354840248823161,0.9974160621359706
2.3007177408754114,1.4927949905395508,1.8606341658575771,0.3437950015068054,8.715907096862793,0.6897777915000916,5.304839801788331,0.9935119817584815
6.053978747279617,4.285581350326538,5.95358377102256,0.3483879864215851,27.56554412841797,0.8347636997699738,15.372849559783946,0.9961360246251353
2.051574475823613,0.9043174982070923,3.4222637444998583,0.1343780010938644,24.155048370361328,0.2852117955684662,6.225413131713866,0.993427594779133
0.6532891913102223,0.26987849175930023,0.6926393973177102,0.0651120021939277,4.259947776794434,0.14131509512662882,1.5470024585723883,0.9960988167170302
106.61111177625092,38.636531829833984,132.54274419235816,1.0190939903259275,594.4402465820312,5.529771423339844,340.4743896484376,0.9947941616108675
1.1897243888516096,0.7672944962978363,1.1716901936578021,0.0015869999770075,5.314012050628662,0.016659399680793295,3.4237362146377563,0.9934901671358093
2.2753147697376104,2.067214012145996,1.1156712292588609,0.4514229893684387,6.485926151275635,1.0232869863510132,3.749051427841186,0.9784812630068569
2.870769412350764,3.1047064065933228,1.5250215864923713,0.8162230253219604,7.500967025756836,1.0165247201919556,5.064487361907959,0.997093975233038
9.086787274286966,6.600401401519775,9.53078691622134,0.1452549993991851,52.19869613647461,0.3487134039402008,24.82053089141846,0.9954000930461298
10.212052585532556,6.578319072723389,10.788148599163957,0.496282011270523,74.99138641357422,1.6568542003631592,26.162161636352547,0.9919105922923412
0.3508958567077897,0.2382075041532516,0.4399864711222792,0.0203959997743368,3.3796610832214355,0.03570580109953874,0.7356457114219667,0.9913554014652903
19.844919899106024,18.57549476623535,11.926297471935694,4.825498104095459,45.369232177734375,6.520337200164795,40.90679512023926,0.9923078705621758
68.48962410502902,57.811710357666016,63.47651455267448,1.1570099592208862,386.4507751464844,3.278830051422119,160.19058227539062,0.9952328552245634
1.393878143420443,1.270269513130188,1.0406264006997346,0.387270987033844,10.71411418914795,0.4488860994577408,2.4294385671615606,0.9540100836303612
11.363594994416616,0.2349179983139038,24.476447665244688,4.8000001697801054e-05,116.40892028808594,8.70000003487803e-05,49.7240013122559,0.9964518853042693
1.1549122308601685,0.8007029891014099,1.00134159911843,0.231805995106697,6.0052337646484375,0.3535949885845184,2.7577009201049805,0.9847273984030993
0.5252443043358113,0.1543349996209144,0.797121777128587,0.010505000129342,5.479180812835693,0.03458750173449515,1.118706858158112,0.9945695255036767
5.459535891951161,3.774203062057495,4.2414458728946745,1.0194419622421265,30.220516204833984,1.5587735652923587,12.184573936462403,0.9784632818936442
0.6526392688394967,0.6631410121917725,0.6173629509876967,0.0031409999355673,2.8767569065093994,0.01441099978983396,1.507850193977356,0.9947085757846337
0.02729079493472714,0.0268750004470348,0.004875071552948838,0.017850000411272,0.0428300015628337,0.021978200599551162,0.03414080142974852,0.8838734027560389
45.157407686128906,25.870229721069336,47.12281891065745,3.98612904548645,314.8558654785156,10.419172286987305,108.9259262084961,0.9887372606014588
1.5064302003252767,0.8071160018444061,1.3381290717198013,0.3586449921131134,6.150121212005615,0.4495779901742935,3.8116594314575196,0.9936045848828944
1141.210025003101,718.891357421875,892.2883342506344,206.9111175537109,6012.45849609375,449.9291687011719,2471.319580078125,0.9940625948859204
0.5261269241170499,0.5129860043525696,0.12762391790066932,0.3190119862556457,0.9272900223731996,0.38099979758262636,0.6925101876258851,0.9864719019567338
0.0009873769953273647,0.0002469999890308,0.001416382075000152,0.0001049999991664,0.0068299998529255,0.0001289999927394,0.00321220005862408,0.9865415477534732
66.27168927450586,37.10353469848633,57.404256560595826,10.370137214660645,262.1160583496094,19.883584594726567,151.6161682128906,0.9914146105729809
1.2378529565056557,0.9982119798660278,1.0014338521901025,0.0516240000724792,3.5984489917755127,0.12515770345926286,2.772705841064453,0.9972305875642732
4.449128722457529,3.002485990524292,3.9424503729527998,0.5342100262641907,20.199886322021484,1.1558972716331481,10.689297294616702,0.9932441865918374
24.10264878020299,12.525622844696045,25.677180776446555,5.377223968505859,187.40499877929688,7.53045334815979,53.895901489257824,0.9931560147259284
0.7935700654507356,0.6102604866027832,0.8634948444332513,0.0456140004098415,3.9205610752105713,0.08032809942960736,2.21772518157959,0.9971694797314321
1.1650197708013186e-06,9.999999974752427e-07,1.3706842071031886e-06,0.0,7.000000096013537e-06,0.0,3.000000106112566e-06,0.9825890668925401
0.6502711154259596,0.4092279970645904,0.4428809032687478,0.1962119936943054,1.873188018798828,0.2994592010974884,1.3678186178207399,0.9913073910212177
0.07241698875855103,0.0681950002908706,0.02325934173381523,0.0399440005421638,0.1372250020503997,0.045524798333644825,0.10165059715509413,0.989425024382813
0.3872269003192993,0.3443610072135925,0.34076154913376716,0.0138199999928474,1.817587971687317,0.03286260068416592,0.8428593993186951,0.993909943631773
19.94600248823085,16.11956214904785,16.867362514045016,1.3391339778900146,62.23942947387695,2.6861130714416506,46.26538162231446,0.9979210904097249
0.04889960915857639,0.015360999852418851,0.07304814939160924,0.0015480000292882,0.3555760085582733,0.00480550001375369,0.1602297991514207,0.9949316104369108
1.3251372967188115,1.3196485042572021,1.0963226555717032,0.0003199999919161,4.058883190155029,0.0004189999890513,2.903656482696533,0.9949772295818113
8.286327876733164,4.550416946411133,10.126106657568554,0.2287729978561401,44.229522705078125,0.27202619910240167,23.14588088989258,0.9916533212754464
24.32968256660696,7.646427154541016,26.021925167167424,2.9525420665740967,83.2878646850586,3.441894006729126,68.22220916748047,0.9935227732350965
2.362589260163509,1.065081536769867,2.7328159549606976,0.2255579978227615,11.133637428283691,0.4564159959554672,7.70055890083313,0.9976297965233101
0.0933600379313213,0.0747110024094581,0.08678751919058485,4.600000102072954e-05,0.4050320088863373,0.00223620003089302,0.1736207962036133,0.9868208913197096
1818.4773667590453,1825.7328491210938,137.41831241887604,1428.54296875,2085.33837890625,1610.9547729492188,1986.042236328125,0.9919148247180133
0.5479790094681984,0.4259169995784759,0.599564724035582,0.0343249998986721,3.266196012496948,0.05033120140433308,1.1339701652526855,0.9928602717058999
1.1577287047775223e-06,9.999999974752427e-07,5.035116101161862e-07,0.0,3.999999989900971e-06,9.999999974752427e-07,1.999999994950485e-06,0.8265975716252945
0.2208200301470945,0.072902001440525,0.37604164297827797,0.021476000547409,2.937375068664551,0.028779999352991553,0.7592009902000427,0.9942949861421374
4.290519803434938,3.0669714212417603,3.2437883428703267,1.212702989578247,14.437813758850098,1.4608425736427308,9.070355319976805,0.9930207058322467
0.4212061774730682,0.4019389897584915,0.10217977783861555,0.2468349933624267,0.7332109808921814,0.2969400942325592,0.5734950959682465,0.9518203251511048
61.803042914501575,0.9995660185813904,835.8967334019595,0.990896999835968,11492.6806640625,0.9983273983001709,1.0015466213226318,0.6425945638685588
68.87446960077219,44.438629150390625,73.1290272691553,0.2169139981269836,393.5371398925781,2.411559796333313,150.73019866943358,0.996636644465311
6.407507276296823,3.0782300233840942,8.62364707692466,1.0418809652328491,94.6718978881836,1.8751721858978272,14.327789783477792,0.9859295975433858
3.0491753886107307,0.8807210028171539,3.90448981033618,0.1388140022754669,16.519201278686523,0.18624919652938834,9.970778274536132,0.9939592253706313
0.646436656401141,0.2589059919118881,0.8078016955887491,0.1302199959754943,4.792287826538086,0.17141790390014644,1.8682305097579956,0.9903474919855008
2145.0702721297093,1965.5638427734373,737.6100121498782,992.3847045898438,4672.00048828125,1343.4338623046874,3191.860009765625,0.994256885440242
0.05384344648072135,0.01867299992591135,0.06762565790792897,1.9999999494757503e-05,0.2480079978704452,0.0001550000015413,0.159021906554699,0.994822558458925
1.387646844440652,1.0832579731941223,1.1930649984405297,0.1540970057249069,11.651000022888184,0.3155376076698303,2.945759797096253,0.9846632783426841
1.4846017856340288,0.9817379713058472,1.46284389964598,0.0467670001089572,7.778229236602783,0.11599960029125207,3.734435033798218,0.9937814348747459
0.9496822698279217,0.7147359848022461,0.7430039487621273,0.2000720053911209,3.458574056625366,0.2618150115013122,2.0761098861694336,0.994966414184669
0.11255261028515649,0.06807650253176685,0.09178175069391342,0.0339399985969066,0.5678859949111938,0.0432019997388124,0.25164100527763367,0.9915391546900777
15.88339762312367,11.96446418762207,15.752584286947247,0.1323609948158264,59.21319580078125,0.360819399356842,39.16043624877931,0.9970311868987098
3.3033838168940086,1.6248090267181396,3.7830955897003586,0.0086049996316432,20.312719345092773,0.0783869996666908,8.694295883178711,0.9922560332431917
0.04200047363750444,0.0260140001773834,0.03958566189603317,0.0099980002269148,0.2359320074319839,0.0146329998970031,0.0973310023546218,0.9931163540066051
1.028195796711608,0.5778340101242065,1.330586281635347,0.0308209992945194,8.402190208435059,0.04976779893040652,2.998142862319946,0.9946305100175871
0.008129562985591523,0.00395249994471665,0.009189125965763198,0.000958000018727,0.0940079987049102,0.0020922000985592,0.01913680061697957,0.9875787840923754
0.34699689147552265,0.20747349411249155,0.2744829536157695,0.0968250036239624,0.9612249732017516,0.11067129969596856,0.7563692927360535,0.9928489214264798
0.8805672579014783,0.6586769819259644,0.6675659236472984,0.2858070135116577,3.5614829063415527,0.3787417948246002,1.848703169822693,0.9810782778671938
1.1577075176171951e-05,9.000000318337698e-06,1.1066854409532142e-05,0.0,7.999999797903001e-05,0.0,2.5999999706982635e-05,0.9873244230353364
0.15166120602893352,0.0729089975357055,0.1681535382465244,0.0198730006814003,0.8820589780807495,0.0254633996635675,0.36505439281463614,0.9905457135771998
3.829377418093907,2.3438398838043213,4.882762358428527,0.0348379984498024,27.068700790405277,0.10334240198135371,10.475607681274415,0.9952245988024776
47.46943101200779,26.372352600097656,54.00402779077184,0.5152729749679565,258.934326171875,1.6865388393402099,128.78935241699233,0.9970835898887453
16.91821157335541,14.46747589111328,9.018957361893142,4.025253772735596,49.13615036010742,7.761973094940185,31.828652572631842,0.9906352575312738
2175.385138139052,1879.6580200195312,854.7084170850522,588.6553344726562,4777.9169921875,1248.0099975585938,3435.3841796875004,0.9929744809402548
0.6009075577127271,0.40184450149536133,0.5257583460835636,0.064021997153759,3.214852094650269,0.13685130327939982,1.33112485408783,0.9893157042862764
1.408875729522801,0.9588219821453094,1.3153358544604463,0.1782380044460296,7.106213092803955,0.35280538797378536,3.332382869720459,0.9915036074596272
0.7567822272010943,0.5276889801025391,0.6494022186205253,0.0585279986262321,2.948646068572998,0.12891019880771631,1.8047013521194444,0.9925580754919822
0.7958442192537047,0.6555410027503967,0.3757602987552134,0.3709219992160797,1.9075770378112795,0.4425820112228393,1.434092998504639,0.9913770110364107
0.5669178911501711,0.20389749854803085,0.6496927350553792,0.0715819969773292,4.224487781524658,0.0897876970469951,1.2752637147903443,0.9921111100878356
4.348445998447961,1.4193589687347412,4.944928773561555,0.4865480065345764,22.906633377075195,0.6728940010070801,12.55029468536377,0.9921959674138743
0.04006766703198933,0.02942600008100265,0.03217634326434882,0.0151150003075599,0.189301997423172,0.0181162998080253,0.10218109712004679,0.9958491739073484
147.28585120203596,64.9349479675293,152.57831187821503,0.1260830014944076,674.1320190429688,48.0578498840332,343.40782470703124,0.9955531768534015
0.08963002566247137,0.04248599894344805,0.12056430185091116,0.0011729999678209,0.5904620289802551,0.00330670003313565,0.3108584016561508,0.9954288482846978
1.6500530492279144,0.685217022895813,2.5691343553061006,0.0412730015814304,14.282879829406738,0.08866739720106125,6.056848049163817,0.9958323754244958
12.442127134402593,13.07698392868042,5.480586886683495,2.311377048492432,20.173995971679688,4.38176326751709,18.611581993103027,0.9883953630840949
1.8915235678354898,1.9428869485855105,0.6724748666936337,0.5482010245323181,4.496743202209473,0.9616615891456606,2.5092061519622804,0.9837469631468605
0.26580245477827574,0.1944980025291443,0.31593495821321993,0.0056599997915327,2.68091893196106,0.01433739978820078,0.6431819796562197,0.9887477665257022
33.09863152424596,19.814254760742188,33.47596643641467,1.4685770273208618,262.3668518066406,5.119071960449219,78.82216720581057,0.9906946885587902
0.47710889187429895,0.2945699989795685,0.3446755530604927,0.1455579996109008,2.234644889831543,0.2083829939365387,0.9755200147628784,0.9944488927270347
0.6629328993319763,0.2304999977350235,1.0818654668672283,0.0089440001174807,6.054226875305176,0.0220490004867315,2.426707983016968,0.9864593988762762
0.05206682186424654,0.0529550015926361,0.032226937414936284,0.001782999956049,0.2205549925565719,0.01580869928002349,0.09764449670910835,0.990926375393312
1.001521520838312,1.0001620054244995,0.0060366863038010445,0.967930018901825,1.085229992866516,0.9985723972320557,1.0083772182464599,0.7405287667407654
0.8497226896969209,0.8971709907054901,0.4660008261392316,0.0066309999674558,2.6539220809936523,0.10877309888601303,1.3240439653396605,0.9924796257267045
6.880309707125895,4.022027969360352,6.742082525403793,1.2060459852218628,33.784942626953125,1.564714288711548,15.527383708953865,0.9911120251415017
11.362486721980364,6.508100986480713,9.145974305401303,1.9301190376281736,43.16450500488281,4.219046974182129,26.306730842590326,0.99413892575769
1.0019198480809988,1.0001139640808103,0.005271278049954453,0.9701240062713624,1.0440289974212646,0.9995966076850891,1.0085057973861695,0.7915711268226685
0.9942979908239716,0.99755197763443,0.007233242799320783,0.959254026412964,1.0170789957046509,0.9835355877876283,0.9999093890190125,0.9365235458473733
1.001328180319946,1.0003519654273987,0.005194539435684784,0.9666439890861512,1.0778800249099731,0.9988630831241607,1.0057984948158265,0.6871548721390859
0.4622890396125834,0.041375000029802295,0.48477194873218626,0.0065399999730288,1.04208505153656,0.0126852001994848,1.0024909138679505,0.9994147853346326
7.521981627102986,7.983351230621338,3.651703628009325,0.5637180209159851,13.76756763458252,0.8571000099182129,12.20992660522461,0.9903904116131551
923.7602551330873,947.1504821777344,221.33158318212898,290.14862060546875,1363.5286865234375,651.3855346679687,1211.9436279296876,0.9827108940425369
0.033283632912579186,0.0187970008701086,0.04065256380950288,0.0022740000858902,0.2546319961547851,0.0044329999946057,0.09107979983091355,0.9944834948515301
0.0028191746021261313,0.0012339999666437,0.004040440460492043,0.0001659999979892,0.0383369997143745,0.00045779999345540003,0.008188000135123661,0.9914678204425585
6.235438897027646,2.6794015169143677,7.62342933645945,0.5334470272064209,54.61274719238281,1.0781501173973085,16.332106590271003,0.9945881644104336
0.13715335582424182,0.068461999297142,0.20703070208484103,0.0164020005613565,4.610700130462647,0.0341619983315467,0.31093681156635306,0.907830771909234
2016.2273223578736,1888.78369140625,361.05945792941446,1565.955322265625,3339.69482421875,1656.337744140625,2505.099804687501,0.9906250143807462
303.81512170861123,300.53326416015625,133.53481529026817,26.825130462646484,693.812255859375,128.629052734375,483.7459899902344,0.9933841331449748
25566.4020178782,23229.81640625,16131.703377200774,3395.978515625,67549.2265625,7486.153515625,48582.51093750001,0.9978647150000424
2.170157711858032,1.2786329984664917,2.859960499958882,0.1429190039634704,24.20326232910156,0.20381899774074547,4.949461269378663,0.9900253974896455
0.06129851993173356,0.054122000932693454,0.015416250599634161,0.0433860011398792,0.1154529973864555,0.047862599417567195,0.08375800028443331,0.985418793593626
0.270917691080503,0.2774389982223511,0.10375654971591881,0.0880070030689239,0.6057500243186951,0.1429399996995926,0.3992510139942169,0.8825322645968626
2.959031366056471,0.8659589886665344,3.881760756873004,0.610945999622345,17.589982986450195,0.7250380039215087,9.43145503997803,0.765146475531843
0.7177034816972462,0.0117070004343986,1.3243621302992274,0.0057439999654889,8.547618865966797,0.007166000176221041,2.45947961807251,0.9922267550393227
0.3826092210282237,0.2300850003957748,0.31992326559658063,0.0227329991757869,1.6601279973983765,0.11574180126190182,0.8918819904327393,0.989208818310851
0.07550742760300633,0.0693719983100891,0.018409596383116573,0.0498839989304542,0.1426240056753158,0.05895980000495904,0.10425379872322078,0.993494529036477
0.9607280826568604,0.8762724995613098,0.2559880234912412,0.5812739729881287,1.527935028076172,0.7014303207397461,1.4289887189865111,0.9373776454768776
1844.4347328258107,1840.6965942382812,111.47721799385722,1466.926513671875,2110.31103515625,1704.7089721679688,1993.4063842773437,0.9913364170579828
104.37989325019252,38.80728149414063,180.68618819603884,20.883813858032227,1595.3040771484375,29.119993209838867,228.34336853027344,0.9852001298100953
0.02947302328448254,0.0243590008467435,0.033516636100309055,0.0004100000078324,0.1833059936761856,0.0006485999911092001,0.07892160266637799,0.996292849037789
6.0310880879371524e-05,3.700000161188655e-05,5.523963939037149e-05,1.8999999156221747e-05,0.0003300000098533,2.4000000848900527e-05,0.00014099999971218011,0.9936808523124097
0.13518387483486288,0.06442599743604654,0.18901054260131092,0.0235280003398656,1.8427200317382808,0.03275319822132583,0.30192660987377173,0.9899571776072138
0.17554759438498366,0.11899099871516225,0.12742271272785474,0.0281819999217987,0.8962270021438599,0.0667358987033367,0.3660980105400085,0.9907703059195275
150.47656742828394,146.18345642089844,79.177482510219,33.01032257080078,483.5836181640625,56.994225692749026,260.8846130371094,0.9912052042544204
0.0928927248247984,0.05990300141274925,0.08409126956409466,0.0317649990320205,0.6208440065383911,0.04072829969227309,0.173846897482872,0.9884094443729554
0.5231534592438324,0.4458730071783066,0.3318176187336897,0.1396349966526031,3.377810001373291,0.23348700404167175,0.9361930906772615,0.9876547460918912
2.2634609111695574,1.6634435057640076,1.580066377568483,0.3492330014705658,10.557900428771973,0.7698610007762909,4.465856933593751,0.9884822444016523
18265.875126191808,10212.673828125,13588.095503335991,906.7107543945312,82745.1875,5653.077197265625,36227.095703125,0.9899028477386408
107.06183342390948,65.39347076416016,104.8638657358978,19.2669677734375,880.760986328125,29.484080505371093,225.44709320068358,0.9930251315613694
0.605742877402089,6.650000068475492e-05,0.9704932930006878,4.70000013592653e-05,2.718295097351074,5.18999993801117e-05,2.3749166727066044,0.9778663166249284
0.04432316943050849,0.0265740007162094,0.04268571803767485,0.0032639999408274,0.2376160025596618,0.00703739989548914,0.10674159824848178,0.9917749274766609
0.5353488630957441,0.3515429943799972,0.4159117123605168,0.1376349925994873,2.3674800395965576,0.19272670149803156,1.1330060124397285,0.9907095052996211
